{"psnr": 31.06662940979004, "ssim": 0.9774898652936898, "lpips": 0.039666881346527266, "n_gauss": 314785}