{"intrinsic": [[2664.229745219409, 0.0, 491.7805539129703], [0.0, 2664.692774216014, 567.1254292628388], [0.0, 0.0, 1.0]], "extrinsic": [[1.0, 0.0, 0.0, 0.0], [0.0, 1.0, 0.0, 0.0], [0.0, 0.0, 1.0, 0.0], [0.0, 0.0, 0.0, 1.0]], "height": 1080, "width": 1080}