{"psnr": 29.44130509512765, "ssim": 0.9532540249824524, "lpips": 0.033750602171889375, "n_gauss": 290737}