{"psnr": 29.441235476902552, "ssim": 0.9532537736211504, "lpips": 0.03375042024999857, "n_gauss": 290737}